Restaurant Name,Neighborhood,Cuisine Type,Address,Website,Phone,Email,Yelp URL,Private Dining / Event Space / Buyout Info,Approximate Capacity,Notes
"Vespertine","Culver City (Hayden Tract)","New American (Fine Dining / Experiential)","3599 Hayden Ave, Culver City, CA 90232","https://vespertine.la","(323) 320-4023","contact@vespertine.la","https://www.yelp.com/biz/vespertine-culver-city","Email contact@vespertine.la for private event inquiries.","~30 seats","2 Michelin stars, Green Star. Chef Jordan Kahn. Immersive multi-sensory dining experience inside 'The Waffle' building by Eric Owen Moss. Tasting menu only. Tue-Sat dinner. Reservations via Tock."
"Destroyer","Culver City (Hayden Tract)","New American (Daytime Cafe)","3578 Hayden Ave, Culver City, CA 90232","https://destroyer.la","(310) 360-3860","","https://www.yelp.com/biz/destroyer-culver-city","Not typically available for private events.","","Michelin recommended. Sister restaurant to Vespertine. Chef Jordan Kahn. Inventive breakfast/lunch/brunch. Daily 8am-3pm (Fri-Sun til 4pm). Under $30 price point."
"Dear John's","Culver City (Downtown)","American / Steakhouse","11208 Culver Blvd, Culver City, CA 90230","https://www.dearjohnsbar.com","(310) 881-9288","","https://www.yelp.com/biz/dear-john-s-culver-city","Accepts private parties and large groups. Outdoor patio available. Contact restaurant directly for private dining.","","Iconic Rat Pack-era steakhouse revamped by Chefs Hans Rockenwagner & Josiah Citrin. Original opened 1962 by Johnny Harlowe (friend of Frank Sinatra). Tue-Sat 5:30-9:30pm."
"Hatchet Hall","Culver City / Mar Vista","American / Southern / Wood Fire","12517 W Washington Blvd, Los Angeles, CA 90066","https://www.hatchethallla.com","(310) 391-4222","catering@hatchethallla.com","Private event spaces available for dinner parties, birthdays, rehearsal dinners, film shoots. Customizable packages. Full catering available.","Varies by space","Michelin recommended. Chef Brian Dunsmoor. Wood-fire cookery with Southern influence. Dinner Mon-Fri 5-10pm, Brunch Sat-Sun 10am-2:30pm. Valet and metered parking."
"Maple Block Meat Co.","Culver City","American BBQ / Barbecue","3973 Sepulveda Blvd, Culver City, CA 90230","https://mapleblockmeat.com","(310) 313-6328","catering@mapleblockmeat.com","Heated outdoor patio (up to 40). Parking lot can be transformed for up to 300 guests. Full-service catering with event planning. Catering inquiries: (917) 693-9711.","40 (patio), 300 (lot buyout)","American barbecue tribute. Wood-smoked meats, craft cocktails. Open 7 days. Weekend brunch. Reservations via Tock."
"Piccalilli","Culver City (Downtown)","Asian Fusion / Cal-Asian / Thai-Inspired","3850 Main St, Suite A, Culver City, CA 90232","https://piccalillila.com","(424) 298-8540","","https://www.yelp.com/biz/piccalilli-culver-city","Contact restaurant for group dining.","","Modern Southwest Asian cuisine with Thai, Vietnamese, Japanese, Malaysian, and Indonesian influences. Lush patio. Reservations via Resy. Cocktails. 4.6 stars."
"Bacari Culver City","Culver City (Downtown)","Mediterranean / Venetian Small Plates","3833 Main St, Culver City, CA 90232","https://www.eatwithbacari.com","(323) 986-6763","Events@bacari.us","https://www.yelp.com/biz/bacari-culver-city-culver-city-29","Private events available. Contact Events@bacari.us or call (323) 986-6763. Events page: eatwithbacari.com/cc-events. Also on Perfect Venue for bookings.","Varies","Venetian-inspired small plates by Chef Lior Hillel. 8th restaurant of Kronfli Brothers. 90-minute open bar special. Weekend brunch. Instagram: @eatwithbacari."
"Father's Office","Culver City (Helms Bakery District)","Gastropub / Craft Beer","3229 Helms Ave, Los Angeles, CA 90034","https://fathersoffice.com/location/culver-city/","(310) 736-2224","","https://www.yelp.com/biz/fathers-office-los-angeles","Not typically available for private buyout.","","Chef Sang Yoon. Famous for the Office Burger (no substitutions, no ketchup). 36 craft beers on tap. 21+ only (no children, no dogs). Larger than Santa Monica location. Order at the bar."
"Mayura Indian Restaurant","Culver City","South Indian / Kerala","10406 Venice Blvd, Culver City, CA 90232","https://mayurala.com","(310) 559-9644","","https://www.yelp.com/biz/mayura-indian-restaurant-culver-city-2","Contact restaurant for large groups.","","Authentic Kerala cuisine. Separate vegetarian and non-vegetarian kitchens. Family owned. Exceptional vegetable samosas, palak paneer, chicken tikka masala. Closed Mondays."
"Ugo Cafe","Culver City (Downtown)","Italian / Neapolitan Pizza","3865 Cardiff Ave, Culver City, CA 90232","https://www.cafeugo.com","(310) 204-1222","","https://www.yelp.com/biz/ugo-culver-city-2","Contact restaurant for events.","","VPN-certified Neapolitan pizza (1 of 94 in US). Est. 2002. Award-winning pizza, fresh pasta, homemade gelato. Reservations via Tock."
"Nardo Culver City","Culver City (Downtown)","Italian / Neapolitan","9725 Culver Blvd, Culver City, CA 90232","https://nardoitalian.com/nardculvercity","(310) 425-8605","nardoitalian@gmail.com","https://www.yelp.com/biz/nard%C3%B2-culver-city-culver-city-3","Contact restaurant for group reservations.","","Neapolitan pizzas, homemade pastas, traditional Southern Italian dishes. Also has West Hollywood and Huntington Beach locations. 4.7 stars on OpenTable."
"Simonette at Palihotel","Culver City (Downtown)","French / Californian Cafe","3927 Van Buren Pl, Culver City, CA 90232","https://www.simonetterestaurant.com","(424) 321-7000","simonette@palihotelculvercity.com","Private courtyard available. Event inquiries: fill form on palisociety.com or email sales@palihotelculvercity.com or events@palihotelculvercity.com.","","All-day French-American cafe at 1920s boutique hotel (49 rooms). Breakfast, lunch, dinner, brunch. Happy Hour Mon-Fri 3-6pm. Classic French neighborhood cafe vibe."
"The Culver Hotel Bar & Restaurant","Culver City (Downtown)","French-American","9400 Culver Blvd, Culver City, CA 90232","https://www.culverhotel.com","(310) 558-9400","events@theculverhotel.com","Grand Lobby, Velvet Lounge (mezzanine with private bar & dance floor), Parisian Room (largest space). Groups 12+ contact events@theculverhotel.com. Full buyout possible.","10-350 depending on setup","1924 National Landmark hotel. European ambiance. Afternoon tea weekends. Live music. Parking available."
"Lonzo's Restaurant","Culver City","Peruvian / Seafood / Bakery","10804 Washington Blvd, Culver City, CA 90232","https://www.lonzosrestaurant.com","(310) 842-7876","info@lonzosrestaurant.com","https://www.yelp.com/biz/lonzos-restaurant-culver-city-3","Contact restaurant for groups.","","Family-run Peruvian restaurant & bakery. Ceviche, Lomo Saltado, Causa Rellena. Named after owner's son. Mon-Thu 9am-9pm, Fri-Sat til 10pm."
"Cafe Brasil","Culver City / Mar Vista","Brazilian","11736 W Washington Blvd, Los Angeles, CA 90066","https://www.cafe-brasil.com","(310) 391-1216","","https://www.yelp.com/biz/cafe-brasil-los-angeles","Contact restaurant for groups.","","Brazilian comfort food since 1991. All-day breakfast. Happy hour. Feijoada, scrambled eggs with collard greens, pao de queijo. Daily 10am-9pm."
"Tito's Tacos","Culver City","Mexican (Classic)","11222 Washington Pl, Culver City, CA 90230","https://www.titostacos.com","(310) 391-5780","","https://www.yelp.com/biz/titos-tacos-culver-city","Not available for private events.","","LA icon since 1959. Hard-shell tacos and burritos. Walk-up window. No phone orders. Online ordering available. Daily 11am-8pm."
"Honey's Kettle Fried Chicken","Culver City","Southern Fried Chicken","9537 Culver Blvd, Culver City, CA 90232","https://honeyskettle.com","(323) 396-9339","","https://www.yelp.com/biz/honeys-kettle-fried-chicken-culver-city","Contact restaurant for catering/large orders.","","Named Best Fried Chicken in LA by LA Magazine. Hand-dipped, cooked in 100% peanut oil. Originally from Compton, relocated to Culver City 2005."
"Shojin","Culver City / Mar Vista","Japanese Vegan","12406 Washington Blvd, Los Angeles, CA 90066","https://www.theshojin.com","(310) 390-0033","","https://www.yelp.com/biz/shojin-culver-city-los-angeles-4","Contact restaurant for group dining.","","All plant-based, gluten-free, macrobiotic Japanese cuisine. Named after Buddhist vegan diet. Upscale-casual with live jazz. Instagram: @shojinlove."
"Tangaroa Fish Market & Raw Bar","Culver City (West)","Seafood / New Zealand","12604 W Washington Blvd, Los Angeles, CA 90066","https://www.tfmraw.com","(424) 289-8144","","https://www.yelp.com/biz/tangaroa-fish-market-los-angeles","Contact restaurant for groups. Pet-friendly outdoor dining.","","Kiwi-themed fresh seafood market & restaurant. Fish from New Zealand. Poke bowls, fish & chips. Est. 2015. Closed Mondays."
"Public School 310","Culver City (Downtown)","Gastropub / American","9411 Culver Blvd, Culver City, CA 90232","https://www.psontap.com","(310) 558-0414","","https://www.yelp.com/biz/public-school-310-culver-city-2","Private events and group dining available. Dedicated Special Events Manager. AV equipment. See psontap.com/group-dining.","Varies by room","School-themed gastropub. Craft beers, cocktails, scratch-made food. Good for business meetings and celebrations."
"Meet in Paris","Culver City (Downtown)","French Bistro","9727 Culver Blvd, Culver City, CA 90232","https://www.meetinparisla.com","(310) 815-8222","","https://www.yelp.com/biz/meet-in-paris-culver-city","Contact restaurant for private events.","","Classic French comfort food and cocktails. Brunch on weekends. Free 2-hour parking nearby on Cardiff St. Reservations recommended."
"Broken Spanish Comedor","Culver City (West)","Modern Mexican / Alta California","12565 Washington Blvd, Los Angeles, CA 90066","https://brokenspanishcomedor.com","(310) 857-2552","","https://www.yelp.com/biz/broken-spanish-comedor-los-angeles-2","Cafe seats 20 (30 standing), Back Patio seats 36 (45 standing), Dining Room 80-100, Full Buyout up to 250 standing. Heated patio year-round.","20-250","Chef Ray Garcia. Revival of original Downtown Broken Spanish. Opened Oct 2025. Iconic A-Frame building. Most dishes $15-$22. Happy Hour Mon-Fri 4-6pm. Walk-ins welcome."
"Carasau Ristorante","Culver City (Downtown)","Sardinian Italian","3918 Van Buren Pl, Culver City, CA 90232","https://carasauristorante.com","(310) 876-0058","","https://www.yelp.com/biz/carasau-culver-city","Private room available. Dog-friendly patio.","","Sardinian specialties including fregola di mare and culurgiones. Adjacent Carasau Cafe at 3912 Van Buren Pl. Reservations via OpenTable."
"Laurel Grill","Culver City (Culver Steps)","American / Wood-Fired","9300 Culver Blvd, Ste 210 Fl 2, Culver City, CA 90232","https://laurelgrill.com","(310) 744-1440","","https://www.yelp.com/biz/laurel-grill-culver-city","Contact restaurant for group dining.","","Upper level of The Culver Steps. Open kitchen, mid-century modern decor. Wood-fired pizzas, rotisserie chicken. Reservations via Resy. Bar seating first-come."
"Cafe Vida","Culver City (Downtown)","Californian / Latin / Healthy","9755 Culver Blvd, Culver City, CA 90232","https://cafevida.net","(310) 287-0140","","https://www.yelp.com/biz/cafe-vida-culver-city-4","Contact restaurant for group orders.","","Low-fat California and Latin dishes since 2002. Breakfast and lunch only. Next to Kirk Douglas Theater. Mon-Thu 8am-3pm, Fri 8am-4pm, Sat-Sun 8am-5pm."
"Uzumaki Sushi","Culver City","Japanese / Sushi","11060 Washington Blvd, Culver City, CA 90232","http://www.uzumaki-sushi.com","(310) 425-8904","uzumakiculver@gmail.com","https://www.yelp.com/biz/uzumaki-culver-city","Contact restaurant for groups.","","Modern minimalist sushi. Traditional nigiri and curated rolls. $28 set lunch menu. Closed Mondays. Complimentary parking on Tilden Ave."
"The Brothers Sushi","Culver City","Japanese / Sushi / Omakase","9240 Culver Blvd, Culver City, CA 90232","https://thebrotherssushicc.com","(310) 202-8890","","https://www.yelp.com/biz/the-brothers-sushi-culver-city-culver-city-2","Contact restaurant for group dining.","","Omakase and a la carte sushi. 15-course omakase $160/person. Chef Mark Okuda & Chef Kenji Sato. 25+ years experience. Reservations via Resy."
"Grand Casino Bakery & Cafe","Culver City (Downtown)","Argentine / Bakery / Cuban","3826 Main St, Culver City, CA 90232","http://grandcasinobakery.com","(310) 202-6969","","https://www.yelp.com/biz/grand-casino-bakery-and-caf%C3%A9-culver-city","Contact restaurant for special orders and events.","","Argentine bakery since 2004. Handmade empanadas, bread, cakes baked on-site. Daily 6am-8pm (Fri-Sat til 9pm)."
"Jackson Market and Deli","Culver City (Downtown)","Deli / Market / Cafe","4065 Jackson Ave, Culver City, CA 90232","https://www.jacksonmarketanddeli.com","(310) 425-8426","jacksonmarketanddeli@gmail.com","https://www.yelp.com/biz/jackson-market-culver-city","Contact for catering and large orders.","","Hidden gem since 1925. Custom deli sandwiches, wraps, coffee, pastries. Craft beer and wine. Daily 7am-8pm."
"Bianca","Culver City (PLATFORM)","French / Italian / Argentine / Bakery","8850 Washington Blvd, Culver City, CA 90232","https://www.biancalosangeles.com","(424) 603-4353","","https://www.yelp.com/biz/bianca-culver-city-2","Contact restaurant for private events at PLATFORM.","","Restaurant & bakery by Madeo Ristorante family and former Four Seasons pastry chef. Organic bread, pastries, custom cakes. Dinner Fri-Sat. Reservations via Tock."
"Margot","Culver City (PLATFORM)","Coastal Mediterranean / Spanish / Italian","8820 Washington Blvd, Ste 301, Culver City, CA 90232","https://www.margot.la","(310) 643-5853","","https://www.yelp.com/biz/margot-culver-city","Indoor/outdoor rooftop venue with 360-degree views. Perfect for special occasions and corporate events. Event inquiries: margot.la/events.","Varies","LA's favorite rooftop dining destination at PLATFORM. Est. 2018. Brunch Wed-Sun, Dinner Mon-Sun. Reservations via Tock."
"ESME","Culver City (Downtown)","Mediterranean / Middle Eastern / Latin","3837 Main St, Culver City, CA 90232","https://www.esme-la.com","","","https://www.yelp.com/biz/esme-culver-city","Contact restaurant for events.","","Cafe by day, restaurant by night. Founded by Ivan & Gabby. Mediterranean & Middle Eastern-Latin fusion. Coffee, wine, dinner. Closed Mondays. Instagram: @esme__la."
"Hey, Sunshine Kitchen","Culver City","Vegan / Plant-Based Fast Casual","3863 Overland Ave, Culver City, CA 90232","https://www.heysunshinekitchen.com","(310) 360-3620","hey@heysunshinekitchen.com","https://www.yelp.com/biz/hey-sunshine-kitchen-culver-city","Catering services available.","","100% plant-based, non-GMO. By the sisters behind Spork Foods. Bowls, sandwiches, tacos. Daily 11am-9pm. Free pollinator plant on Mondays. Est. 2023."
"Culver & Main","Culver City (Downtown)","American / Breakfast & Brunch","3829 Main St, Culver City, CA 90232","https://culverandmain.com","(424) 228-9850","","https://www.yelp.com/biz/culver-and-main-culver-city","Contact restaurant for groups.","","Comforting fare and neighborhood connections. Breakfast and brunch. Mon-Sun 8am-4pm."
"Nong La Vietnamese Cafe (Culver City)","Culver City","Vietnamese","9552 Washington Blvd, Culver City, CA 90232","https://www.nonglacafe.com","","","","Contact restaurant for groups.","","Second location of the popular Sawtelle Vietnamese cafe. Pho, banh mi, rice dishes."
"Potato Chips Deli (Culver City)","Culver City (Downtown)","Deli / Sandwiches","3835 Main St, Culver City, CA 90232","https://www.potatochipsdeli.com","","","https://www.yelp.com/biz/potato-chips-deli-culver-city-culver-city","Not available.","","Gourmet sandwich shop with house-baked bread and 30+ potato chip flavors. Multiple LA locations."
"Rocco's Tavern","Culver City (Downtown)","Pizza / Italian-American / Sports Bar","3843 Main St, Culver City, CA 90232","","","","https://www.yelp.com/biz/roccos-tavern-culver-city","Contact restaurant for group dining.","","Casual pizza and sports bar on Main Street."
"Little Fatty","Mar Vista","Taiwanese / Chinese Comfort Food","3809-3813 Grandview Blvd, Los Angeles, CA 90066","https://www.littlefattyla.com","(310) 853-5417","info@littlefattyla.com","https://www.yelp.com/biz/little-fatty-los-angeles","Contact restaurant for group dining.","","Chef-owner David Kuo. Scallion pancakes, squid ink soup dumplings, BBQ pork bao. Connected to Accomplice cocktail bar. Dinner nightly 5-10pm."
"Fatty Mart","Mar Vista","Chinese / Market / Grab-and-Go","12210 Venice Blvd, Los Angeles, CA 90066","","","","https://www.yelp.com/biz/fatty-mart-los-angeles","Not available.","","From the Little Fatty team. Grab-and-go lunch, hot bar with mapo tofu pizza-by-the-slice."
"Taverna at The Mar Vista","Mar Vista","Greek / Mediterranean","12249 Venice Blvd, Los Angeles, CA 90066","https://www.themarvista.com","(310) 751-6773","","https://www.yelp.com/biz/taverna-at-the-mar-vista-los-angeles","Available for family, friends, and work events. Contact restaurant to book.","","Authentic Greek food. Casual setting with full bar, open-air garage doors. Weekend brunch, Sunday BBQ on patio. Closed Mondays."
"Beethoven Market","Mar Vista","Cal-Italian / Seasonal","12904 Palms Blvd, Los Angeles, CA 90066","https://www.beethovenmarket.com","(323) 579-1391","neighbor@beethovenmarket.com","https://www.yelp.com/biz/beethoven-market-los-angeles-2","Contact restaurant for group reservations.","","One of Resy's 10 restaurants that defined LA dining in 2025. Chef Michael Leonard. No dish over $35, pastas under $20, cocktails capped at $15. Former 75-year-old grocery store. Reservations via Resy."
"Quiadaiyn Restaurant","Mar Vista","Oaxacan / Mexican","12326 Venice Blvd, Los Angeles, CA 90066","https://www.quiadaiyn.com","(310) 313-7654","","https://www.yelp.com/biz/quiadaiyn-restaurant-los-angeles","Spacious back patio for group dinners. Catering available. Live music for celebrations.","","Family-run Oaxacan specialties. House-made salsas, tortillas, tamales. 4.9 stars on OpenTable. Daily 8am-10pm. Reservations via OpenTable."
"Saby's Coffee & Kitchen","Mar Vista","Mexican / Breakfast","12900 Venice Blvd, Los Angeles, CA 90066","https://cafesabys.com","(310) 439-1438","","https://www.yelp.com/biz/sabys-coffee-and-kitchen-los-angeles-4","Contact for catering.","","Contemporary Mexican breakfast. Scratch-made staples. Since 2020. Daily 8am-3pm."
"Blueys Mar Vista","Mar Vista","French-Californian-Australian / Cafe","12825 Venice Blvd, Los Angeles, CA 90066","https://www.blueyskitchen.com","(310) 881-9122","","https://www.yelp.com/biz/blueys-mar-vista-los-angeles","Contact restaurant for events.","","Neighborhood bistro. Locally sourced produce. Breakfast/lunch daily + dinner Wed-Sun 5-9pm. Also has Santa Monica location."
"Rutt's Hawaiian Cafe","Mar Vista","Hawaiian","11707 Washington Pl, Los Angeles, CA 90066","https://www.ruttscafe.com","(310) 398-6326","","https://www.yelp.com/biz/rutts-hawaiian-cafe-los-angeles-4","Catering available via Rutt's Catering.","","Since 1976. All-day breakfast, poke, spam musubi. Featured on Food Network. Daily 7:30am-9pm."
"Cafe Brasil (Mar Vista)","Mar Vista / Culver City","Brazilian","11736 W Washington Blvd, Los Angeles, CA 90066","https://www.cafe-brasil.com","(310) 391-1216","","https://www.yelp.com/biz/cafe-brasil-los-angeles","Contact restaurant for groups.","","Brazilian comfort food since 1991. All-day breakfast, feijoada. Daily 10am-9pm."
"Atmosphere Mar Vista","Mar Vista","French-American","Venice Blvd, Los Angeles, CA 90066","","","","","Contact restaurant for events.","","French American restaurant with new owner. Open sky outdoor location on Venice Blvd."
"Electric Bleu","Mar Vista","Australian / Bistro","Mar Vista area, Los Angeles, CA 90066","","","","","Contact restaurant.","","Chef Craig Hopson (Perth native, Le Cirque NYC veteran). Australian-inflected bistro. Opened 2025. Named one of best new LA restaurants of 2025."
"Versailles Cuban Food","Palms","Cuban","10319 Venice Blvd, Los Angeles, CA 90034","https://www.versaillesrestaurant.com","(310) 558-3168","","https://www.yelp.com/biz/versailles-cuban-food-los-angeles-2","Contact restaurant for large parties.","","LA Cuban institution since 1971. Famous garlic sauce, roast pork, roast chicken. Mon-Thu 11am-9pm, Fri-Sun til 10pm."
"Madre Oaxacan Restaurant and Mezcaleria","Palms","Oaxacan / Mexican / Mezcal Bar","10426 National Blvd, Los Angeles, CA 90034","https://madrerestaurants.com/madre-palms/","(310) 559-4732","palmslocation@madrerestaurants.com","https://www.yelp.com/biz/madre-oaxacan-restaurant-and-mezcaleria-los-angeles-6","Contact restaurant for private events and group dining.","","Oaxacan cuisine and extensive mezcal selection. Est. 2012. Happy Hour Mon-Fri 3-6pm. Free parking at Iman Center Fri-Sat 5-9pm."
"Simpang Asia","Palms","Indonesian","10433 National Blvd, Ste 2, Los Angeles, CA 90034","https://www.simpangasia.com","(310) 815-9075","","https://www.yelp.com/biz/simpang-asia-los-angeles","Contact restaurant for group dining.","","Authentic Indonesian since 2002. Nasi Goreng, Rendang, Satay. Also has Mar Vista, Venice, and Culver City locations. Daily 11:30am-10pm."
"Kotoya Ramen","Palms","Japanese / Ramen","10422 National Blvd, Los Angeles, CA 90034","https://kotoya-la.com","(424) 326-9149","","https://www.yelp.com/biz/kotoya-ramen-los-angeles-8","Small venue - not recommended for parties of 4+.","Very small","Underrated Westside ramen. Excellent tonkotsu. Mostly takeout-oriented. Daily 11:30am-10pm."
"Mee & Greet","Palms","Southeast Asian","Palms, Los Angeles, CA 90034","","","","","Contact restaurant.","","Casual Southeast Asian spot and neighborhood hangout in Palms."
"Lobster & Beer","Palms","Seafood / Casual","Palms, Los Angeles, CA 90034","","","","","Contact restaurant.","","Popular casual seafood spot in the Palms area."
"Tsujita LA Artisan Noodle","Sawtelle","Japanese / Ramen / Tsukemen","2057 Sawtelle Blvd, Los Angeles, CA 90025","https://www.tsujita.com/sawtelle-la","(310) 231-7373","","https://www.yelp.com/biz/tsujita-la-artisan-noodle-los-angeles-2","Not typically available for private events.","","Sawtelle's most famous ramen. Signature tsukemen dip-style ramen. Branch of Tokyo's Nidaime Tsujita. Perpetual lines. Also has Annex across the street at 2050 Sawtelle."
"Kojima","Sawtelle","Japanese / Omakase / Kappo","2130 Sawtelle Blvd, Ste 211, Los Angeles, CA 90025","https://kojima-2130.square.site","(424) 248-0116","","https://www.yelp.com/biz/kojima-los-angeles","Very intimate space - potential for full buyout (8 seats). Contact restaurant.","8 seats","Chef Hayato Kojima. Michelin Bib Gourmand. 12-course kappo omakase $200. Walk-in $80 mini omakase at 5pm. Reservations via Tock. Closed Mondays."
"The Mulberry","Sawtelle","Korean-American / Modern Bistro","1800 Sawtelle Blvd, Los Angeles, CA 90025","https://www.themulberrylosangeles.com","(310) 598-5191","","https://www.yelp.com/biz/the-mulberry-los-angeles","Contact restaurant for group dining.","","Modern Korean-American reimagining of neighborhood bistro. Alumni of Benu, Marea, Daniel, French Laundry. Reservations via Resy (released 3 weeks out). Walk-ins available at 5:30pm and after 8pm. Wed-Sun 5:30-9pm."
"Hermanito","Sawtelle","Mexican / Bar-Forward","2024 Sawtelle Blvd, Los Angeles, CA 90025","https://www.hermanitola.com","(424) 388-2585","","https://www.yelp.com/biz/hermanito-los-angeles","Great patio for group dining. Contact for private events.","","Bar-forward Mexican with housemade Sonoran tortillas. Japanese-influenced cocktails. One of West LA's best patios. 4.4 stars on OpenTable."
"Nong La Vietnamese Cafe","Sawtelle","Vietnamese","2055 Sawtelle Blvd, Los Angeles, CA 90025","https://www.nonglacafe.com","(310) 268-1881","","https://www.yelp.com/biz/nong-l%C3%A1-vietnamese-cafe-los-angeles-2","Contact restaurant for groups.","","Family-run. Pho, banh mi, rice dishes. Free-range chicken, cage-free eggs, prime beef. Also has Culver City and La Brea locations."
"Nanban-Kan","Sawtelle / West LA","Japanese / Yakitori / Izakaya","11330 Santa Monica Blvd, Los Angeles, CA 90025","https://nanbankan.weeblyte.com","(310) 478-1591","","https://www.yelp.com/biz/nanban-kan-los-angeles-2","Contact restaurant. Reservations strongly recommended.","","Decades-old yakitori institution. Budget-friendly. Transports you to Japan. Reservations essential (often turned away without one)."
"Echigo Sushi","West LA","Japanese / Sushi","12217 Santa Monica Blvd, Ste 201, Los Angeles, CA 90025","https://echigosushi.com","(310) 820-9787","","https://www.yelp.com/biz/echigo-los-angeles-2","Contact restaurant for groups.","","Humble strip-mall sushi counter. High quality at reasonable prices. Fish hand-picked daily. Lunch & dinner Mon-Fri, dinner only Sat, closed Sun."
"Tuk Tuk Thai","Sawtelle","Thai / Fusion","Sawtelle Blvd, Los Angeles, CA 90025","","","","","Contact restaurant.","","Thai-inspired with creative twists: wagyu laab burgers, pandan milkshakes, spice-dusted fries with curry ketchup."
"Daikokuya (Sawtelle)","Sawtelle","Japanese / Ramen","Sawtelle Blvd, Los Angeles, CA 90025","","","","","Not typically available.","","Sawtelle location of the famous Little Tokyo ramen shop."
"Chinchikurin","Sawtelle","Japanese / Okonomiyaki","Sawtelle Blvd, Los Angeles, CA 90025","","","","","Contact restaurant.","","Japanese chain specializing in okonomiyaki (savory pancakes)."
"Tatsu Ramen","Sawtelle","Japanese / Ramen","Sawtelle Centre, Los Angeles, CA 90025","","","","","Not typically available.","","Customizable ramen bowls. Stands out among Sawtelle's many ramen joints."
"Marugame Udon","Sawtelle","Japanese / Udon","Sawtelle Blvd, Los Angeles, CA 90025","","","","","Not typically available.","","Fresh hand-made udon noodles. Quick service. Part of Japanese chain."
"Ippudo","Sawtelle (North End)","Japanese / Ramen","Sawtelle Blvd (north end), Los Angeles, CA 90025","","","","","Contact restaurant.","","Hakata-based chain. Lighter tonkotsu ramen. Northern end of Sawtelle."
"Artelice Patisserie","Sawtelle","French / Bakery / Patisserie","Sawtelle Blvd, Los Angeles, CA 90025","","","","","Not available.","","Upscale French pastries. Elaborate, glossy confections."
"Coffee Tomo","Sawtelle","Korean-Japanese Coffee / Cafe","Sawtelle Blvd, Los Angeles, CA 90025","","","","","Not available.","","Korean-Japanese inspired coffee shop. House-roasted coffee, honey butter bread, specialty pretzels."
"Sonoritas Prime Tacos","Sawtelle","Mexican / Sonoran","Sawtelle Blvd, Los Angeles, CA 90025","","","","","Contact restaurant.","","Vibrant flavors from Mexico's Sonora region brought to Sawtelle."
"Tigawok","Sawtelle","Chinese / Fast Casual","Sawtelle Blvd, Los Angeles, CA 90025","","","","","Not available.","","Fast-casual with self-tumbling robot woks. Cheap and tasty."
"Tasty Noodle House","West LA / Sawtelle","Chinese / Dumplings / Noodles","West LA, Los Angeles, CA 90025","","","","","Contact restaurant.","","SGV chain outpost. Solid dumplings and noodles without the wait."
"Dan Modern Chinese","Sawtelle","Chinese / Modern","Sawtelle Blvd, Los Angeles, CA 90025","","","","","Contact restaurant.","","Modern Chinese cuisine on Sawtelle."
"Big Boi","Sawtelle","Filipino / Rice Plates","Sawtelle Blvd, Los Angeles, CA 90025","","","","","Not available.","","Takeout-oriented Filipino rice and pancit combo plates. Pork sisig, chicken adobo, longganisa."
"Sea Salt Poke","Sawtelle","Hawaiian / Poke","Sawtelle Blvd, Los Angeles, CA 90025","","","","","Not available.","","Fresh poke bowls with sauces, veggies, and fruits."
"HoneyMee","Sawtelle","Ice Cream / Dessert","Sawtelle Blvd, Los Angeles, CA 90025","","","","","Not available.","","Ice cream with honeycomb."
"Torisoba Sumiya","Sawtelle","Japanese / Ramen","Sawtelle Blvd, Los Angeles, CA 90025","","","","","Contact restaurant.","","Cozy ramen shop specializing in char-grilled chicken ramen (tori paitan)."
"Ban Ban Burger","Sawtelle","Thai-Inspired / Burgers","Sawtelle Blvd, Los Angeles, CA 90025","","","","","Not available.","","Thai-inspired smashburgers on Sawtelle."
"La La Rice","Sawtelle","Thai","Sawtelle Blvd, Los Angeles, CA 90025","","","","","Not available.","","Kitschy Thai spot with solid takeout staples."
"Seoul House of Tofu","Sawtelle","Korean / Tofu","Sawtelle Blvd, Los Angeles, CA 90025","","","","","Contact restaurant.","","Korean comfort food specializing in tofu stews."
"Unetto","Sawtelle","Japanese-Italian / Pasta","Sawtelle Blvd, Los Angeles, CA 90025","","","","","Contact restaurant.","","Japanese-style pasta dishes on Sawtelle."
"Tenkatori","Sawtelle","Japanese / Fried Chicken","Sawtelle Blvd, Los Angeles, CA 90025","","","","","Not available.","","Japanese fried chicken chain. Quick, hearty lunch option."
"Tiny's Hi-Dive","Sawtelle","American / Dive Bar","Sawtelle Blvd, Los Angeles, CA 90025","","","","","Contact for private events.","","Chicago-themed dive bar. Cold draft beers and solid bar food."
"Mori Nozomi","Sawtelle / West LA","Japanese / Sushi / Omakase","Sawtelle area, Los Angeles, CA 90025","","","","","Contact restaurant.","","Woman-led sushi restaurant. Elegant, nuanced omakase for serious sushi fans."
"Asakura","Sawtelle","Japanese / Kaiseki","Sawtelle area, Los Angeles, CA 90025","","","","","Very intimate. Potential buyout.","Very small","High-end kaiseki. Intimate and delicious."
"Hide Sushi","Sawtelle / West LA","Japanese / Sushi","Sawtelle area, Los Angeles, CA 90025","","","","","Contact restaurant.","","Classic neighborhood sushi on Sawtelle."
"YAKUN","Sawtelle","Japanese / Omakase","Sawtelle Blvd, Los Angeles, CA 90025","","","","","Contact restaurant. Very small and intimate.","Small","New opening. 22-course tasting menu in four parts."
"Menya TIGRE","Sawtelle","Japanese / Ramen","Sawtelle Blvd, Los Angeles, CA 90025","","","","","Not available.","","Newer ramen addition to Sawtelle."
"Dong Ting Noodle","Sawtelle","Chinese / Hunan Noodles","Sawtelle Blvd, Los Angeles, CA 90025","","","","","Contact restaurant.","","Hunan-style noodles. Known for beef noodle soup and dry chili beef noodles."
"WADAYA","Sawtelle","Korean","Sawtelle area, Los Angeles, CA 90025","","","","","Contact restaurant.","","Korean dining on Sawtelle."
"Kaz Soba","Sawtelle","Japanese / Soba","Sawtelle Blvd, Los Angeles, CA 90025","","","","","Contact restaurant.","","Soba noodle restaurant on Sawtelle."
"Din Tai Fung","Century City (Westfield)","Taiwanese / Dim Sum / Dumplings","10250 Santa Monica Blvd, Ste 2400, Los Angeles, CA 90067","https://dtf.com/en-us/locations/los-angeles","(424) 382-1118","","https://www.yelp.com/biz/din-tai-fung-los-angeles-4","Private dining rooms available. Visit dtf.com/en-us/private-dining. Reservations for up to 6 online (30 days ahead). 7+ walk-in only.","Private rooms available","Most popular restaurant in Westfield Century City. Weekend waits up to 2 hours. Famous xiao long bao. Mon-Thu 11am-9:30pm."
"Javier's Century City","Century City (Westfield)","Elevated Mexican","10250 Santa Monica Blvd, Los Angeles, CA 90067","https://www.javiersfinestfoods.com/century-city","(424) 313-8143","","https://www.yelp.com/biz/javiers-century-city-los-angeles","Fully private room (14 guests, TV/AV), Marcos Room (semi-private with TV), Private dining table (20 guests), Patio (120 guests), Front Patio (40 standing).","14-120","Hand-shaken margaritas, rare tequilas. 2-hour dining limit. 20% auto-gratuity for 6+. $20 min per person. 4.6 stars OpenTable."
"Hinoki & the Bird","Century City","Asian Fusion / California / Silk Road","10 W Century Dr, Los Angeles, CA 90067","https://www.hinokiandthebird.com","(310) 552-1200","events@HinokiandtheBird.com","https://www.yelp.com/biz/hinoki-and-the-bird-los-angeles","Private dining room, patio (retractable roof, heated floors), or full restaurant buyout. Email events@HinokiandtheBird.com.","Full buyout available","Travel-inspired modern California cooking. Non-tipping (20% fee added). Valet $8 lunch / $10 dinner. Reservations via Resy. Closed Sun-Mon."
"Terra at Eataly","Century City (Westfield)","Italian / Wood-Fired Grill","10250 Santa Monica Blvd, Los Angeles, CA 90067","https://www.eataly.com/us_en/stores/los-angeles/restaurants/la-terra","(213) 310-8000","","https://www.yelp.com/biz/terra-at-eataly-los-angeles","Two private dining rooms. Capacity 50-350 guests. Indoor-outdoor terrace lounge. Contact via Eataly website for events.","50-350","Rooftop restaurant atop Eataly. Wood-burning Italian grill, Hollywood Hills views. 4.6 stars OpenTable. Reservations via Tock."
"Super Peach by Momofuku","Century City (Westfield)","Korean-American / Reimagined Diner","10250 Santa Monica Blvd, Ste 1025, Los Angeles, CA 90067","https://www.momofuku.com/restaurants/super-peach","(310) 421-8250","","https://www.yelp.com/biz/super-peach-los-angeles","Contact restaurant for group dining and private events.","196 seats total","David Chang's Momofuku concept. Korean Fried Chicken Wings, lobster noodles, Super Peach ribeye. Happy Hour Mon-Fri 3-6pm. Opened late 2025."
"Casa Dani","Century City (Westfield)","Spanish / Andalusian / Mediterranean","10250 Santa Monica Blvd, Ste 1799, Los Angeles, CA 90067","https://www.sbe.com/restaurants/casa-dani/casa-dani-century-city/","(310) 361-8679","","https://www.yelp.com/biz/casa-dani-los-angeles","Large venue (17,000 sq ft, 400 seats). Contact for private events and buyouts.","400 seats","Michelin-recognized Chef Dani Garcia. Andalusian cuisine. Tapas happy hour $7/piece daily 5-6pm. Lunch 11:30am-3pm, Dinner 4:30-10pm."
"Katsuya Century City","Century City (Westfield)","Japanese / Sushi / Robata","10250 Santa Monica Blvd, #1799, Los Angeles, CA 90067","https://www.sbe.com/restaurants/katsuya/katsuya-century-city/","(310) 564-0567","katsuyacenturycity@sbe.com","https://www.yelp.com/biz/katsuya-los-angeles-8","17,000 sq ft space. Contact katsuyacenturycity@sbe.com for private events.","Large (17,000 sq ft)","Master Sushi Chef Katsuya Uechi. 4th LA location, 11th globally. Striking bar, open-air garden, refined dining room and patio."
"Lumiere Brasserie","Century City (Fairmont Century Plaza)","French / Modern American Brasserie","2025 Avenue of the Stars, Los Angeles, CA 90067","https://www.lumierebrasserie.com","(310) 424-3031","","https://www.yelp.com/biz/lumi%C3%A8re-brasserie-los-angeles","French garden outdoor area, brasserie, bar, patisserie. Contact hotel events team for private dining.","","At Fairmont Century Plaza. Chef Ramon Bojorquez. Breakfast, lunch, dinner. Seasonal California-French cuisine. Vegan/GF options."
"Meizhou Dongpo","Century City (Westfield)","Chinese / Sichuan / Peking Duck","10250 Santa Monica Blvd, Ste 200A, Los Angeles, CA 90067","https://www.meizhou.us.com/century-city","(310) 788-0120","","https://www.yelp.com/biz/meizhou-dongpo-restaurant-los-angeles","Contact restaurant for group dining and private rooms.","","Beijing-based group with 100+ mainland China locations. Peking duck carved tableside, Dan Dan noodles, Dongpo Pork. Closed 3-4pm daily."
"Haidilao Hot Pot","Century City (Westfield)","Chinese / Sichuan Hot Pot","10250 Santa Monica Blvd, Ste 2610, Los Angeles, CA 90067","https://haidilaounitedstates.com","(424) 382-1234","","https://www.yelp.com/biz/haidilao-hotpot-century-city-los-angeles","Private dining rooms available. Contact restaurant.","","Sichuan hot pot with extensive condiment bar. Known for excellent service. Late night hours (til 11pm, midnight Fri-Sat). $30-$100/person."
"Ramen Nagi","Century City (Westfield)","Japanese / Ramen","10250 Santa Monica Blvd, Ste 2850, Los Angeles, CA 90067","https://ramennagiusa.com","","","https://www.yelp.com/biz/ramen-nagi-los-angeles","Not available for private events.","","Tokyo-born ramen shop. 24-hour simmered tonkotsu broth. No reservations. First LA outpost. Lunch 11am-2:30pm, Dinner 5-9pm."
"True Food Kitchen","Century City (Westfield)","American / Health-Forward","10250 Santa Monica Blvd, Ste 1400, Los Angeles, CA 90067","https://www.truefoodkitchen.com/locations/la-centurycity/","(310) 736-4900","","https://www.yelp.com/biz/true-food-kitchen-los-angeles","Private dining, catering, and group events available via website.","","Seasonal, chef-crafted menu. Proudly sourced produce and proteins. Online ordering and catering available."
"Sushi Zo (West LA)","West LA","Japanese / Sushi / Omakase","9824 National Blvd, Los Angeles, CA 90034","","","","https://www.yelp.com/biz/sushi-zo-west-los-angeles-los-angeles","Contact restaurant for buyout inquiries.","Small counter","High-end omakase in West LA near Palms border."
"Utamaro Sushi Izakaya","West LA (Westdale)","Japanese / Sushi / Izakaya","Westdale neighborhood, West LA, Los Angeles, CA","","","","","Very new. Contact restaurant for details.","Small","Very new izakaya by the chef behind Sushi Takeda. Okonomi nigiri, sashimi, rolls. Opened early 2026."
"Hamasaku","West LA","Japanese / Sushi","11043 Santa Monica Blvd, Los Angeles, CA 90025","http://www.hamasakula.com","","","","Contact restaurant for private events.","","Creative sushi and Japanese cuisine on Santa Monica Blvd in West LA."
"Izakaya Sasaya","West LA","Japanese / Izakaya","West Los Angeles, CA","https://www.izakaya-sasaya.com","","","","Contact restaurant for group dining.","","Japanese izakaya in West LA."
