Restaurant Name,Neighborhood,Cuisine Type,Address,Phone,Email,Website,Yelp URL,Private Dining / Event Info,Approximate Capacity,Notes
Anajak Thai,Sherman Oaks,Thai / Contemporary,"14704 Ventura Blvd, Sherman Oaks, CA 91403",(818) 501-4201,res@anajakthai.com,https://www.anajakthai.com/,https://www.yelp.com/biz/anajak-thai-sherman-oaks,Private parties and company events year-round; email events@anajakthai.com,50,James Beard Award-winning Chef Justin Pichetrungsi; MICHELIN Guide listed; Thai Taco Tuesdays; 40+ years in operation
Sushi Note,Sherman Oaks,Japanese / Sushi / Wine Bar,"13447 Ventura Blvd, Sherman Oaks, CA 91423",(818) 802-3443,sushinote@wearebreadandbutter.com,https://www.sushinotela.com/,https://www.yelp.com/biz/sushi-note-los-angeles,,,Chef Kiminobu Saito; omakase menus; curated wine list of 90+ selections; MICHELIN Guide listed
Casita,Sherman Oaks,Modern Mexican,"14015 Ventura Blvd, Sherman Oaks, CA 91423",(818) 688-5009,info@casitarestaurant.com,https://www.casitarestaurant.com/,https://www.yelp.com/biz/casita-sherman-oaks,Events and catering available; contact stephanie@taishogroup.com,,Made-from-scratch modern Mexican; indoor/outdoor dining on Ventura Blvd
Bacari Sherman Oaks,Sherman Oaks,Mediterranean / Small Plates,"14106 Ventura Blvd, Sherman Oaks, CA 91423",(323) 986-6763,,https://www.eatwithbacari.com/,https://www.yelp.com/biz/bacari-sherman-oaks-sherman-oaks,Welcomes large parties; accommodates walk-ins and groups even on busy nights,,Venetian-inspired small plates; Chef Lior Hillel; Kronfli Brothers family-owned; 90-minute open bar special
Petit Trois Le Valley,Sherman Oaks,French Bistro,"13705 Ventura Blvd, Sherman Oaks, CA 91423",(818) 989-2600,levalley@petittrois.com,https://www.petittrois.com/levalley,https://www.yelp.com/biz/petit-trois-sherman-oaks-2,Parties of 8+; private events email events@petittrois.com,40+,Chef Ludo Lefebvre; James Beard Best New Restaurant nominee 2015; Michelin Bib Gourmand 2019
Osteria La Buca,Sherman Oaks,Italian,"14235 Ventura Blvd, Sherman Oaks, CA 91423",(818) 456-1216,,https://www.osterialabuca.com/,https://www.yelp.com/biz/osteria-la-buca-sherman-oaks-los-angeles,,,Country Italian tavern; handmade pasta daily; produce from own private farm; since 2005
BLVD Steak,Sherman Oaks,Steakhouse / Seafood,"13817 Ventura Blvd, Sherman Oaks, CA 91423",(818) 334-4822,info@blvdshermanoaks.com,https://www.blvdsteak.com/,https://www.yelp.com/biz/blvd-steak-sherman-oaks,Private events available; contact stephanie@taishogroup.com,,Modern steakhouse; named best steakhouse in LA by Eater and Chowhound
Daisy Margarita Bar,Sherman Oaks,Mexican / Cocktail Bar,"14633 Ventura Blvd, Sherman Oaks, CA 91403",(818) 450-3994,,https://www.daisyla.com/,https://www.yelp.com/biz/daisy-los-angeles-5,,,From the team behind Mirate in Los Feliz; cocktails by Max Reis; Chef Alan Sanz
Augustine Wine Bar,Sherman Oaks,Wine Bar / American,"13456 Ventura Blvd, Sherman Oaks, CA 91423",(818) 990-0938,,https://www.augustinewinebar.com/,https://www.yelp.com/biz/augustine-wine-bar-los-angeles,,,Rare vintage wines dating back to 1860; 50 wines by glass; walk-ins only; 21+ venue; Chef Evan Algorri
Sincerely Syria,Sherman Oaks,Syrian / Middle Eastern,"14536 Ventura Blvd, Sherman Oaks, CA 91403",(818) 906-8301,,https://www.sincerelysy.com,https://www.yelp.com/biz/sincerely-syria-sherman-oaks,,,Best shawarma in Sherman Oaks; formerly Hollywood Shawarma
Borekas Sephardic Pastries,Sherman Oaks,Israeli / Bakery,"14510 Ventura Blvd, Sherman Oaks, CA 91403",(818) 905-1718,,https://www.bo-re-kas.com/,https://www.yelp.com/biz/borekas-sephardic-pastries-sherman-oaks,,,Tiny takeout window; perfectly decadent Israeli-style bourekas
The Local Peasant,Sherman Oaks,American Gastropub,"14058 Ventura Blvd, Sherman Oaks, CA 91423",(818) 501-7500,,https://www.thelocalpeasant.com/,https://www.yelp.com/biz/the-local-peasant-sherman-oaks,,,Popular gastropub; craft beer; casual neighborhood vibe
Sadaf Restaurant,Encino,Persian / Mediterranean,"16240 Ventura Blvd, Encino, CA 91436",(818) 981-8100,,https://sadafencino.com/,https://www.yelp.com/biz/sadaf-restaurant-encino,Banquet space available for private events,,Modern Persian cuisine; full bar; outdoor patio; established 2011; sister of Darya Restaurants
Larsen's Steakhouse,Encino,Steakhouse,"16101 Ventura Blvd, Ste 270, Encino, CA 91436",(818) 386-9500,,https://www.larsensrestaurants.com/,https://www.yelp.com/biz/larsens-steakhouse-encino-encino,,,Premier steakhouse; aged steaks; boutique wine and martini list; elegant leather and suede booths
Claudine Kitchen & Bakeshop,Encino,Cafe / Bakery / American,"16350 Ventura Blvd, Ste F, Encino, CA 91436",(818) 616-3838,,https://www.claudinela.com/,https://www.yelp.com/biz/claudine-kitchen-and-bakeshop-encino,,,All-day brunch; scratch cooking; fresh pastries; pet-friendly patio; free underground parking
Mora Italiano,Encino,Italian,"17499 Ventura Blvd, Encino, CA 91316",(818) 386-0278,hello@moraitaliano.com,https://www.moraitaliano.com/,https://www.yelp.com/biz/mora-italiano-encino-3,Private events available; email hello@moraitaliano.com,,Love letter to 1960s Italy; heated outdoor patio; opened Oct 2018
Sushi by Scratch Restaurants,Encino,Japanese / Omakase,"16101 Ventura Blvd, Encino, CA 91436",(818) 646-6506,,https://www.sushibyscratchrestaurants.com/losangeles,https://www.yelp.com/biz/sushi-by-scratch-restaurants-la-los-angeles,,,Fusion omakase experience; theatrical presentation; prix fixe format
Posto 896,Encino,Italian / Hungarian,"17005 Ventura Blvd, Encino, CA 91316",(818) 528-3900,,https://www.posto896.com/,https://www.yelp.com/biz/posto-896-encino,,,Two chefs - one Italian one Hungarian; handmade pastas; Napoli-style pizzas; OpenTable Diners' Choice 2023-2025
Tel Aviv Grill,Encino,Israeli / Mediterranean,"17401 Ventura Blvd, Encino, CA 91316",(818) 501-8535,,https://www.telavivgrill.com/,https://www.yelp.com/biz/tel-aviv-grill-encino,,,Israeli mini-chain; multiple Valley locations
Don Antonio's,Encino,Mexican,"17018 Ventura Blvd, Encino, CA 91316",(818) 788-4141,,,https://www.yelp.com/biz/don-antonios-encino,,,Bright cozy patio; popular with families; signature margaritas
Pialon Restaurant,Encino,Mediterranean / Tapas,"17225 Ventura Blvd, Encino, CA 91316",(818) 881-9013,,https://pialonrestaurant.com/,https://www.yelp.com/biz/pialon-restaurant-tapas-and-bar-encino,,,Tapas and bar; top-rated on Yelp
Firefly,Studio City,New American / Mediterranean,"11720 Ventura Blvd, Studio City, CA 91604",(818) 762-1833,,https://www.fireflystudiocity.com/,https://www.yelp.com/biz/firefly-studio-city,,,Arguably most romantic restaurant in LA; outdoor fireplaces; Chef Viet Pham; 4.7 stars on OpenTable
Asanebo,Studio City,Japanese / Sushi,"11941 Ventura Blvd, Studio City, CA 91604",(818) 760-3348,,https://www.asanebo-restaurant.com/,https://www.yelp.com/biz/asanebo-studio-city,,,2 Michelin Stars; Zagat Rated; opened 1991 by former Matsuhisa chefs; 5-page menu
Sushi Tomoki,Studio City,Japanese / Sushi / Omakase,"3791 Cahuenga Blvd, Studio City, CA 91604",(747) 324-1109,,https://sushitomoki.com/,https://www.yelp.com/biz/sushi-tomoki-los-angeles,,,Chef Tomoki with 10+ years experience; Matsu Omakase; opened June 2023
Daichan,Studio City,Japanese,"11288 Ventura Blvd, Ste F, Studio City, CA 91604",(818) 980-8450,,https://daichan-restaurant.weeblyte.com/,https://www.yelp.com/biz/daichan-studio-city,,,Japanese soul food since 2002; famous original poki bowl; spicy curry udon
Art's Delicatessen,Studio City,Jewish Deli,"12224 Ventura Blvd, Studio City, CA 91604",(818) 762-1221,info@artsdeli.com,https://www.artsdeli.com/,https://www.yelp.com/biz/arts-delicatessen-studio-city,,,Studio City institution since 1957; 2nd generation family-owned; pastrami and matzo ball soup
Granville,Studio City,New American,"12345 Ventura Blvd, Ste C, Studio City, CA 91604",(818) 506-7050,studiocity@granvillecafe.com,https://www.granvillerestaurants.com/,https://www.yelp.com/biz/granville-studio-city,,,Organic and certified humane; DineLA trophy winner; since 2006
Roberta's,Studio City,Pizza / Italian,"4220 Coldwater Canyon Ave, Ste 116, Studio City, CA 91604",,la.info@robertazpizza.com,https://www.robertaspizza.com/studio-city,https://www.yelp.com/biz/robertas-los-angeles,,,Wood-fired pizza; Brooklyn-born since 2008; locally sourced ingredients
UOVO Studio City,Studio City,Italian / Pasta,"12313 Ventura Blvd, Studio City, CA 91604",(818) 432-8667,,https://www.uovopasta.com/,https://www.yelp.com/biz/uovo-studio-city,,,Fresh handmade pasta; imported Italian ingredients
Olive & Grill,Studio City,Mediterranean,"11911 Ventura Blvd, Studio City, CA 91604",(818) 480-3553,,https://www.oliveandgrill.com/,https://www.yelp.com/biz/olive-and-grill-studio-city,,,Modern Mediterranean; charming outdoor terrace under olive trees; live music; romantic ambiance
The Front Yard,Studio City,American,"4222 Vineland Ave, Studio City, CA 91602",(818) 255-7290,,https://www.thefrontyardla.com/,https://www.yelp.com/biz/the-front-yard-studio-city,Located at The Garland Hotel; event spaces available,150+,At The Garland Hotel; warm hospitality; brunch and dinner
Laurel Tavern,Studio City,American / Bar,"11938 Ventura Blvd, Studio City, CA 91604",(818) 506-0777,,https://www.laureltavern.com/,https://www.yelp.com/biz/laurel-tavern-studio-city,,,Neighborhood bar and restaurant; craft cocktails
Aroma Cafe,Studio City,California / Organic,"4360 Tujunga Ave, Studio City, CA 91604",(818) 508-7377,,https://www.aromacoffeeandtea.com/,https://www.yelp.com/biz/aroma-coffee-and-tea-studio-city,,,Located in Tujunga Village; locally sourced ingredients; loyal following
Great White,Studio City,Californian / Brunch,"12401 Ventura Blvd, Studio City, CA 91604",(818) 824-4433,,https://www.eatgreatwhite.com/,https://www.yelp.com/biz/great-white-studio-city,,,Popular brunch spot; Australian-inspired cafe
Verse,Toluca Lake,American / Supper Club,"4212 Lankershim Blvd, Toluca Lake, CA 91602",(818) 747-2135,concierge@verse.la,https://www.verse.la/,https://www.yelp.com/biz/verse-toluca-lake,,,Grammy-winning Manny Marroquin concept; 52 speakers; live performances; immersive dining
Ca' Del Sole,Toluca Lake,Northern Italian,"4100 Cahuenga Blvd, Toluca Lake, CA 91602",(818) 985-4669,,https://cadelsole.com/,https://www.yelp.com/biz/ca-del-sole-toluca-lake-2,Two private rooms (Gondolier Room 30 guests; Venetian Room 40 guests); patio seats 120; full restaurant buyout up to 150,250,Venetian atmosphere since 1994; wrap-around patio; cabanas; within walking distance of Universal Studios
Cascabel,Toluca Lake,Contemporary Mexican,"10717 Riverside Dr, Toluca Lake, CA 91602",(818) 927-4210,hello@cascabelrestaurant.com,https://cascabelrestaurant.com/,https://www.yelp.com/biz/cascabel-los-angeles,,,1920s Spanish-style villa; Chef Alex Eusebio; opened 2014
Sushi Yuzu,Toluca Lake,Japanese / Sushi,"10118 Riverside Dr, Toluca Lake, CA 91602",(818) 763-8355,,https://www.yuzuya-corporation.com/,https://www.yelp.com/biz/sushi-yuzu-toluca-lake,,,One of the best sushi bars in LA; casual dining; sister restaurant nearby
Bodega Malbec,Toluca Lake,Argentine / Italian,"10151 Riverside Dr, Toluca Lake, CA 91602",(818) 762-4860,,https://bodegamalbec.com/,https://www.yelp.com/biz/bodega-malbec-toluca-lake,,,Authentic Argentine grill; Chef Javier Pardini; Latinx-owned; vegan/keto/pescatarian options
Angelino Trattoria,Toluca Lake,Italian / Pizza,"4386 Lankershim Blvd, Toluca Lake, CA 91602",(818) 769-5241,,https://www.angelinostrattoria.com/,https://www.yelp.com/biz/angelino-trattoria-and-pizzeria-toluca-lake,,,Best reviewed restaurant in Toluca Lake on OpenTable; relaxing Italian eatery
Don Cuco,Toluca Lake,Mexican,"3911 W Riverside Dr, Burbank, CA 91505",(818) 842-1123,doncuco@doncuco.com,https://www.doncuco.com/,https://www.yelp.com/biz/don-cuco-mexican-restaurant-burbank,,,Toluca Lake classic since 1969; family recipes from Merida Yucatan
Olive & Thyme,Toluca Lake,Mediterranean / Cafe,"3821 W Riverside Dr, Burbank, CA 91505",(818) 557-1560,,https://oliveandthyme.com/,https://www.yelp.com/biz/olive-and-thyme-toluca-lake-2,,,Gourmet cafe and marketplace; fine cheeses and charcuterie; Chef Melina Davies; since 2011
MA's Italian Kitchen,Toluca Lake,Italian,"4705 Lankershim Blvd, Toluca Lake, CA 91602",(818) 766-9100,,https://www.masitaliankitchen.com/,https://www.yelp.com/biz/mas-italian-kitchen-toluca-lake,,,Hearty Italian-American comfort food
Granville NoHo,North Hollywood,New American,"11136 Magnolia Blvd, North Hollywood, CA 91601",(818) 962-0858,noho@granville.net,https://www.granvillerestaurants.com/,https://www.yelp.com/biz/granville-north-hollywood-4,Private room available; group dining; inquiries to noho@granville.net,,NoHo Arts District location; organic ingredients; full bar; DineLA trophy winner
Salsa & Beer,North Hollywood,Mexican,"11669 Sherman Way, Sun Valley, CA 91605",(818) 503-1220,,https://salsaandbeer.com/,https://www.yelp.com/biz/salsa-and-beer-north-hollywood,,,One of the most popular Mexican restaurants in the Valley; famous salsa bar; family-run; Zacatecas recipes
350 Degree KBBQ,North Hollywood,Korean BBQ,"5319 Lankershim Blvd, North Hollywood, CA 91601",(818) 760-0350,,https://350degreekbbq.com/,https://www.yelp.com/biz/350-degree-kbbq-north-hollywood,,,Top-rated Korean BBQ
Memphis Grill,North Hollywood,BBQ / Memphis-Style,"12224 1/2 Magnolia Blvd, North Hollywood, CA 91607",(818) 760-0850,,https://www.thememphisgrill.com/,https://www.yelp.com/biz/memphis-grill-north-hollywood,,,Memphis-style BBQ; underrepresented style in LA
The Six Social House,North Hollywood,American,"13228 Burbank Blvd, Sherman Oaks, CA 91401",(818) 385-1926,,https://www.thesixla.com/,https://www.yelp.com/biz/the-six-social-house-sherman-oaks,,,Social house concept; bar and dining
UMIAI Hand Roll & Sake Bar,North Hollywood,Japanese / Hand Roll,"11274 Magnolia Blvd, North Hollywood, CA 91601",(818) 358-3580,michelle@umiaihandroll.com,https://www.umiaihandroll.com/,https://www.yelp.com/biz/umiai-hand-roll-and-sake-bar-north-hollywood,,,Hand roll sushi; sake bar
Vui Ve,North Hollywood,Vietnamese,"6255 Laurel Canyon Blvd, North Hollywood, CA 91606",(818) 508-0898,,https://www.vuive.com/,https://www.yelp.com/biz/vui-ve-north-hollywood,,,Vietnamese cuisine; multiple Valley locations
The Swingin' Door,North Hollywood,Texas BBQ,"13230 Burbank Blvd, North Hollywood, CA 91401",(818) 766-4644,,https://www.swingindoorbbq.com/,https://www.yelp.com/biz/the-swingin-door-north-hollywood,,,Texas-style BBQ; casual neighborhood spot
Castaway Restaurant & Events,Burbank,American / Steakhouse,"1250 East Harvard Rd, Burbank, CA 91501",(818) 848-6691,castawayburbank@srcmail.com,https://www.castawayburbank.com/,https://www.yelp.com/biz/castaway-burbank-burbank-6,Eight indoor/outdoor event spaces; accommodates 20-1000 guests; full-service events team; weddings corporate and social events,1000,Sweeping views of LA skyline; completely reimagined; seasonal cuisine; premier event destination
The Smoke House,Burbank,American / Steakhouse,"4420 Lakeside Dr, Burbank, CA 91505",(818) 845-3731,info@smokehouse1946.com,https://www.smokehouse1946.com/,https://www.yelp.com/biz/smoke-house-restaurant-burbank-3,Accommodating solutions for private dining; contact restaurant directly for arrangements,,Fine food since 1946; prime rib and aged steaks; valet parking; 4.5 stars on OpenTable
Morton's The Steakhouse,Burbank,Steakhouse,"3400 W Olive Ave, Burbank, CA 91505",(818) 238-0424,,https://www.mortons.com/location/mortons-the-steakhouse-burbank-ca/,https://www.yelp.com/biz/mortons-the-steakhouse-burbank,Spacious dining room; three private boardrooms; events for 10-100 guests,100,Heart of Burbank Media District; near NBC Warner Bros Disney; signature Bar Bites
Porto's Bakery & Cafe,Burbank,Cuban / Bakery,"3614 W Magnolia Blvd, Burbank, CA 91505",(818) 846-9100,,https://www.portosbakery.com/,https://www.yelp.com/biz/portos-bakery-and-cafe-burbank,,,Pride of Burbank since 1960; legendary guava pastries and potato rolls; ships nationwide
Bob's Big Boy,Burbank,American / Diner,"4211 W Riverside Dr, Burbank, CA 91505",(818) 843-9334,,https://bobs.net/,https://www.yelp.com/biz/bob-s-big-boy-burbank,,,Oldest remaining Bob's Big Boy in America (1949); CA Point of Historical Interest; Friday Classic Car Show
Chili John's,Burbank,American / Chili,"2018 W Burbank Blvd, Burbank, CA 91506",(818) 846-3611,,https://chilijohnsofca.com/,https://www.yelp.com/biz/chili-johns-burbank-3,,,Burbank's oldest continuously operating restaurant; same recipe since 1946; featured on Diners Drive-Ins and Dives
Sotta,Burbank,Italian,"209 N Pass Ave, Burbank, CA 91505",(818) 558-3557,info@sottala.com,https://sottala.com/,https://www.yelp.com/biz/sotta-burbank,,,Hip new Italian; top-rated on Yelp
The Girl & The Chicken,Burbank,American / Chicken,"3323 W Olive Ave, Burbank, CA 91505",(818) 333-1025,,https://girlandthechicken.com/,https://www.yelp.com/biz/the-girl-and-the-chicken-burbank,,,Popular new restaurant; highly rated
Gus's World Famous Fried Chicken,Burbank,Southern / Fried Chicken,"308 N San Fernando Blvd, Burbank, CA 91502",(818) 276-1010,,https://gfriedchicken.com/,https://www.yelp.com/biz/guss-world-famous-fried-chicken-burbank,,,Memphis-born; world-famous fried chicken
Palma Ristorante,Burbank,European / Italian,"3601 W Olive Ave, Burbank, CA 91505",(818) 736-7256,info@palmaburbank.com,https://palmausa.com/,https://www.yelp.com/biz/palma-ristorante-burbank,Fine dining venue; event hosting available,,Premier fine dining in Burbank; extensive wine list; signature cocktails
Le Sanglier,Tarzana,French,"5522 Crebs Ave, Tarzana, CA 91356",(818) 345-0470,,https://www.lesanglierrestaurant.com/,https://www.yelp.com/biz/le-sanglier-french-restaurant-tarzana-2,,,Award-winning French restaurant since 1970; over 50 years; duck wild boar veal specialties; 4.8 stars OpenTable
SO Sushi,Tarzana,Japanese / Sushi,"18450 Ventura Blvd, Tarzana, CA 91356",(818) 345-0360,,https://www.sosushi.net/,https://www.yelp.com/biz/so-sushi-tarzana,,,Name means creative in Chinese; set menus for sushi sashimi and roll lovers
Casalena,Woodland Hills,Coastal Mediterranean,"22160 Ventura Blvd, Woodland Hills, CA 91364",(818) 704-1185,,https://www.casalena.la/,https://www.yelp.com/biz/casalena-woodland-hills-2,Five distinct dining spaces; accommodates 10-600 guests; full event planning,600,8000 sq ft; coastal Mediterranean; indoor/outdoor; bar lounge atrium garden terrace
Prose Kitchen & Bar,Woodland Hills,New American / Italian,"21150 Ventura Blvd, Woodland Hills, CA 91364",(747) 300-3152,events@eatatprose.com,https://eatatprose.com/,https://www.yelp.com/biz/prose-kitchen-and-bar-woodland-hills,Group and private event inquiries to events@eatatprose.com,,Chef David Gussin; California seasonality with global influence; opened March 2025; rolled lasagna miso black cod
JOEY Woodland Hills,Woodland Hills,New American,"6344 Topanga Canyon Blvd, Ste 1010, Woodland Hills, CA 91367",(818) 340-5639,,https://joeyrestaurants.com/location/joey-woodland-hills,https://www.yelp.com/biz/joey-woodland-hills-woodland-hills-3,Private dining for 10-120 people; courtyard patio lounge and dining room; $800-$20000 per event,120,Globally-inspired menus; craft cocktails; valet parking; open late
Fleming's Prime Steakhouse,Woodland Hills,Steakhouse,"6373 Topanga Canyon Blvd, Woodland Hills, CA 91367",(818) 346-1005,,https://www.flemingssteakhouse.com/locations/ca/woodland-hills,https://www.yelp.com/biz/fleming-s-prime-steakhouse-and-wine-bar-woodland-hills,Private dining rooms available; Cisco conferencing system; Events & Catering menu,,Near Warner Center; outstanding for business dining; validated parking
Deux Bistro,Woodland Hills,French Bistro,"20969 Ventura Blvd, Ste 14, Woodland Hills, CA 91364",(747) 230-4034,,https://deuxbistrowh.com/,https://www.yelp.com/biz/deux-bistro-woodland-hills,,,Family-owned; Chef Nicolas Fanucci from Cannes France; farm-to-table; French Quarter shopping center
Saint & Second,Woodland Hills,American,"22235 Ventura Blvd, Woodland Hills, CA 91364",(818) 610-3500,,https://www.saintandsecond.com/,https://www.yelp.com/biz/saint-and-second-woodland-hills,,,Top-rated on Yelp; American cuisine
Superba Food + Bread,Woodland Hills,Californian / Bakery,"22543 Ventura Blvd, Woodland Hills, CA 91364",(818) 564-6200,,https://www.superbafoodandbread.com/,https://www.yelp.com/biz/superba-food-bread-woodland-hills,,,Artisan bakery and restaurant; Californian cuisine
The Brothers Sushi,Woodland Hills,Japanese / Sushi,"22010 Ventura Blvd, Woodland Hills, CA 91364",(818) 712-0001,,https://www.thebrotherssushi.com/,https://www.yelp.com/biz/the-brothers-sushi-woodland-hills,,,Omakase and a la carte sushi
Shirin Restaurant,Woodland Hills,Persian,"21826 Ventura Blvd, Woodland Hills, CA 91364",(818) 348-7318,shirinresventura@gmail.com,https://shirinrestaurant.com/,https://www.yelp.com/biz/shirin-restaurant-woodland-hills,,,Family-owned for over 30 years; Persian cuisine
BLVD Steak Calabasas,Calabasas,Steakhouse / Seafood,"4776 Commons Way, Ste A, Calabasas, CA 91302",(818) 436-2900,info@blvdcalabasas.com,https://www.blvdsteak.com/calabasas-location,https://www.yelp.com/biz/blvd-steak-calabasas-2,Private events available; contact stephanie@taishogroup.com,,Modern steakhouse at The Commons; named best steakhouse by Eater and Chowhound
King's Fish House,Calabasas,Seafood,"4798 Commons Way, Calabasas, CA 91302",(818) 225-1979,,https://www.kingsfishhouse.com/calabasas,https://www.yelp.com/biz/kings-fish-house-calabasas-calabasas-2,Private dining for events and celebrations,,Established 1999; daily changing menu; oysters sushi live shellfish; 4.7 stars OpenTable
Agostino Sciandri's,Calabasas,Italian,"4799 Commons Way, Calabasas, CA 91302",(818) 222-9919,,https://calabasas.toscanova.com/,https://www.yelp.com/biz/agostino-sciandris-calabasas,,,Authentic Italian at The Commons in Calabasas
Marmalade Cafe,Calabasas,American,"4783 Commons Way, Calabasas, CA 91302",(818) 225-9092,,https://www.marmaladecafe.com/,https://www.yelp.com/biz/marmalade-cafe-calabasas,,,Well-prepared American cuisine; chain with quality dining
Odyssey Restaurant & Events,Granada Hills,New American / Steakhouse,"15600 Odyssey Dr, Granada Hills, CA 91344",(818) 366-6444,events@srcmail.com,https://www.theodysseyrestaurant.com/,https://www.yelp.com/biz/odyssey-restaurant-and-events-granada-hills,Ballroom indoor/outdoor event spaces; private patio; gazebo; 20-600 guests; SRC Event Group partner,600,Hilltop views of San Fernando Valley; steak-forward seasonal menu; premier wedding venue
Mercado Buenos Aires,Granada Hills,Argentine,"16137 Devonshire St, Granada Hills, CA 91344",(747) 529-6380,,https://www.mercadobuenosairesusa.com/,https://www.yelp.com/biz/mercado-buenos-aires-granada-hills-2,,,Over 30 years; Argentine restaurant bakery and market; grass-fed Angus beef; award-winning wines
Seoul Time,Granada Hills,Korean,"16530 Chatsworth St, Granada Hills, CA 91344",(818) 360-0096,,,https://www.yelp.com/biz/seoul-time-granada-hills,,,Top-rated Korean restaurant in Granada Hills
La Popular,Granada Hills,Mexican,"19801 Rinaldi St, Porter Ranch, CA 91326",(818) 831-8880,,https://www.lapopularcdmx.com/locations/porter-ranch,https://www.yelp.com/biz/la-popular-porter-ranch,,,10/10 food per reviews; top-tier quesabirria tacos and consome
Lola's Kitchen,Granada Hills,Mexican,"17601 Chatsworth St, Granada Hills, CA 91344",(818) 832-6464,,,https://www.yelp.com/biz/lolas-kitchen-granada-hills,,,Home-style Mexican cooking
Joe's Cafe,Granada Hills,American / Breakfast,"16548 Chatsworth St, Granada Hills, CA 91344",(818) 366-0617,info@joescafegh.com,https://joescafegh.com/,https://www.yelp.com/biz/joes-cafe-granada-hills,,,Beloved breakfast spot
La Bella Pizza Trattoria Italiana,Granada Hills,Italian / Pizza,"10828 Balboa Blvd, Granada Hills, CA 91344",(818) 360-0003,,https://labellapizza-la.com/,https://www.yelp.com/biz/la-bella-pizza-trattoria-italiana-granada-hills,,,Italian trattoria; pizza and pasta
Costa Grande,Van Nuys,Mexican,"14835 Oxnard St, Van Nuys, CA 91411",(818) 947-3500,,https://www.costagrandevannuys.com/,https://www.yelp.com/biz/costa-grande-van-nuys,,,Authentic Mexican; handmade tortillas; top-rated on Yelp
AYCE Gogi,Van Nuys,Korean BBQ,"6301 Van Nuys Blvd, Van Nuys, CA 91401",(818) 785-2694,,https://www.aycegogi.com/,https://www.yelp.com/biz/ayce-gogi-van-nuys,,,All-you-can-eat Korean BBQ; clean inviting ambiance; reasonable pricing
Bafang Dumpling,Van Nuys,Chinese / Dumplings,"14350 Victory Blvd, Van Nuys, CA 91401",(818) 786-8333,,https://www.bafangdumpling.com/,https://www.yelp.com/biz/bafang-dumpling-van-nuys,,,Authentic Chinese dumplings; quick service
El Criollo,Van Nuys,Cuban,"6525 Van Nuys Blvd, Van Nuys, CA 91401",(818) 994-4444,,http://vannuys.cubanfoodla.com/,https://www.yelp.com/biz/el-criollo-van-nuys,,,A must-stop in the Valley for Cuban food
Mariscos Los Arcos,Van Nuys,Mexican / Seafood,"14548 Sylvan St, Van Nuys, CA 91411",(818) 909-0091,info@mariscoslosarcos.com,https://mariscolosarcos.com/,https://www.yelp.com/biz/mariscos-los-arcos-van-nuys,,,Mexican seafood; top pick on Restaurantji
Fresh Grill Mediterranean,Van Nuys,Mediterranean,"14516 Victory Blvd, Van Nuys, CA 91411",(818) 786-0011,,https://freshgrillcuisine.com/,https://www.yelp.com/biz/fresh-grill-mediterranean-van-nuys,,,Highly rated Mediterranean
Gus's BBQ,Northridge,BBQ / Southern,"27504 The Old Rd, Valencia, CA 91355",(661) 977-7576,,https://www.gusbbq.com/,https://www.yelp.com/biz/guss-bbq-valencia,,,Since 1946; true Southern hospitality; real pit BBQ
Porto's Bakery Northridge,Northridge,Cuban / Bakery,"19546 Nordhoff St, Northridge, CA 91324",(818) 646-1806,,https://www.portosbakery.com/,https://www.yelp.com/biz/portos-bakery-cafe-northridge,,,Porto's Northridge location; same legendary pastries
Go's Mart,Canoga Park,Japanese / Sushi / Omakase,"22330 Sherman Way C12, Canoga Park, CA 91303",(818) 704-1459,,https://gos-mart.edan.io/,https://www.yelp.com/biz/gos-mart-canoga-park,,,Hidden gem; highest-grade sushi; no menu just daily specials; 30+ years expertise; 8 counter seats; no reservations
North Italia Topanga,Canoga Park,Italian,"6600 Topanga Canyon Blvd, Ste 52, Canoga Park, CA 91303",(818) 710-7246,,https://www.northitalia.com/locations/topanga-ca/,https://www.yelp.com/biz/north-italia-canoga-park,Group dining spaces available; Request a Space on website for events,,Handmade Italian from scratch; Westfield Topanga; 4.6 stars OpenTable
STK Steakhouse Topanga,Canoga Park,Steakhouse / Lounge,"6600 Topanga Canyon Blvd, Ste 2230, Canoga Park, CA 91303",(213) 946-4892,events@stksteakhouse.com,https://stksteakhouse.com/en-us/location/topanga/,https://www.yelp.com/biz/stk-steakhouse-canoga-park-3,Private event rooms seating up to 60; lunch from $45pp dinner from $95pp canape $50pp; call 833-STK-EVTS,60,Two floors and outdoor dining; live DJ; chic dining and lounge; at Westfield Topanga
Topanga Social,Canoga Park,Food Hall / Multi-Concept,"6600 Topanga Canyon Blvd, Ste 1M, Canoga Park, CA 91303",(818) 475-4000,,https://www.eatplaytopangasocial.com/,https://www.yelp.com/biz/topanga-social-canoga-park,55000 sq ft food hall; accommodates groups up to 1200 guests,1200,27 restaurant concepts; Westfield Topanga; live music; outdoor dining
Dog Haus,Canoga Park,American / Hot Dogs / Burgers,"21718 Sherman Way, Canoga Park, CA 91303",(818) 626-4287,,https://www.doghaus.com/,https://www.yelp.com/biz/dog-haus-canoga-park,,,All-natural hormone and antibiotic-free meat; gourmet hot dogs burgers sausages; craft beer
Henri's Restaurant,Canoga Park,Continental / American,"21601 Sherman Way, Canoga Park, CA 91303",(818) 340-4135,,,https://www.yelp.com/biz/henris-restaurant-canoga-park,,,Culinary gem; vibrant ambiance
Vinh Loi Tofu,Reseda,Vietnamese / Vegan,"18625 Sherman Way Ste 101, Reseda, CA 91335",(818) 996-9779,,https://www.vinhloitofu.com/,https://www.yelp.com/biz/vinh-loi-tofu-reseda-2,,,All-vegan Vietnamese; creative plant-based dishes; peanut soup; lemongrass beef banh mi
Ras Noodle,Panorama City,Thai / Noodle,"14350 Roscoe Blvd, Panorama City, CA 91402",(818) 891-6133,,,https://www.yelp.com/biz/ras-noodle-panorama-city,,,Top-rated on Yelp; Thai noodle specialist
Bludso's BBQ,Panorama City,BBQ / Texas-Style,"8720 Van Nuys Blvd, Panorama City, CA 91402",(818) 988-8227,,https://www.bludsos.com/,https://www.yelp.com/biz/bludsos-bbq-panorama-city,,,Legendary Texas-style BBQ; Kevin Bludso; nationally recognized
Viet Kitchen,Panorama City,Vietnamese,"14501 Roscoe Blvd, Panorama City, CA 91402",(818) 893-2888,,https://vietkitchens.com/,https://www.yelp.com/biz/viet-kitchen-panorama-city,,,Vietnamese cuisine; top-rated locally
Goto at Silog,Panorama City,Filipino,"14345 Roscoe Blvd, Panorama City, CA 91402",(818) 893-2040,,https://www.gotoatsilog.com/,https://www.yelp.com/biz/goto-at-silog-panorama-city,,,Filipino home cooking; crispy pork pata; kare-kare
Paros Family Restaurant,Sun Valley,Middle Eastern / American,"8425 Sunland Blvd, Sun Valley, CA 91352",(818) 768-7100,,,https://www.yelp.com/biz/paros-family-restaurant-sun-valley,,,Top-rated in Sun Valley
Chiguacle Sabor Ancestral,Sun Valley,Mexican / Oaxacan,"8715 Sunland Blvd, Sun Valley, CA 91352",(747) 245-0246,,https://www.chiguacle.com/,https://www.yelp.com/biz/chiguacle-sabor-ancestral-y-tortilleria-sun-valley,,,Ancestral Mexican cuisine; tortilleria
Les Sisters' Southern Kitchen,Chatsworth,Southern / Cajun / Creole,"20450 Nordhoff St, Winnetka, CA 91311",(818) 998-0755,lessisters2014@gmail.com,https://lessisters.com/,https://www.yelp.com/biz/les-sisters-southern-kitchen-and-bbq-chatsworth-2,,,Since 1986; bold soulful food; vegan vegetarian gluten-free options; Chatsworth institution
Las Fuentes,Chatsworth,Mexican,"10003 Topanga Canyon Blvd, Chatsworth, CA 91311",(818) 341-2012,,https://www.lasfuentes.com/,https://www.yelp.com/biz/las-fuentes-chatsworth,,,Beloved Mexican restaurant family
Nat's West Cafe,Chatsworth,American / Diner,"9303 Roscoe Blvd, Canoga Park, CA 91304",(818) 718-6287,,https://natswest.cafe/,https://www.yelp.com/biz/nats-west-cafe-canoga-park,,,Serving West Valley for years; breakfast lunch dinner; homemade muffins cookies pies
Yume Sushi,Studio City,Japanese / Sushi,"12216 Moorpark St, Studio City, CA 91604",(818) 508-7188,,https://www.yumesushila.com/,https://www.yelp.com/biz/yume-sushi-studio-city,,,Modern sushi spot; highly popular; make reservations
REDWHITE Studio City,Studio City,Steakhouse / Wine Bar,"12440 Ventura Blvd, Studio City, CA 91604",(818) 763-5523,,https://www.redwhitela.com/,https://www.yelp.com/biz/redwhite-studio-city-studio-city,,,Steak and wine bar concept
Broken Engrish,Studio City,Asian Fusion,"12361 Ventura Blvd, Studio City, CA 91604",(818) 358-3530,,https://www.brokenengrish.com/,https://www.yelp.com/biz/broken-engrish-studio-city,,,Asian fusion cuisine; top-rated on Yelp
Regalade,Studio City,French,"12740 Ventura Blvd, Studio City, CA 91604",(818) 927-4230,,https://www.regaladela.com/,https://www.yelp.com/biz/regalade-studio-city,,,New French restaurant in Studio City
Darling Studio City,Studio City,American / Mediterranean,"4220 Coldwater Canyon Ave, Studio City, CA 91604",,,,https://www.yelp.com/biz/darling-studio-city,,,New restaurant opening at Sportsmen's Lodge
Cafe De Olla,North Hollywood,Mexican / Brunch,"4302 W Burbank Blvd, Burbank, CA 91505",(818) 561-1110,,https://www.cafedeolla.la/,https://www.yelp.com/biz/cafe-de-olla-burbank,,,Popular Mexican brunch; highly rated
EAT NoHo,North Hollywood,American / Brunch,"11108 Magnolia Blvd, North Hollywood, CA 91601",(818) 985-0661,,https://www.eatnoho.com/,https://www.yelp.com/biz/eat-north-hollywood,,,Casual brunch and breakfast spot
BlaqHaus NoHo,North Hollywood,American / Soul,"5143 Lankershim Blvd, North Hollywood, CA 91601",(818) 764-0049,,https://blaqhaus.co/noho,https://www.yelp.com/biz/blaqhaus-noho-north-hollywood,,,Soul food and cocktails; vibrant atmosphere
Birrieria Familia Castro,North Hollywood,Mexican / Birria,"12500 Vanowen St, North Hollywood, CA 91605",(818) 834-4510,,,https://www.yelp.com/biz/birrieria-familia-castro-north-hollywood,,,Birria specialist; rich birria en caldo
Hungry Crowd,Toluca Lake,American,"4303 Lankershim Blvd, North Hollywood, CA 91602",(818) 505-7773,info@eatHungryCrowd.com,https://eathungrycrowd.com/,https://www.yelp.com/biz/hungry-crowd-north-hollywood,,,Top of Yelp lists for Toluca Lake area
Chubby Cattle,Woodland Hills,Hot Pot / Japanese,"6100 Topanga Canyon Blvd, Woodland Hills, CA 91367",(747) 363-5877,,https://www.chubbycattle.com/,https://www.yelp.com/biz/chubby-cattle-woodland-hills,,,Unique hot pot conveyor belt experience; Japanese-inspired
Leo & Lily,Woodland Hills,Mediterranean / American,"22630 Ventura Blvd, Woodland Hills, CA 91364",(818) 610-3500,,https://leonlily.com/,https://www.yelp.com/biz/leo-and-lily-woodland-hills,,,Top-rated in Woodland Hills
Soul of LA,Woodland Hills,Korean / Fusion,"22841 Ventura Blvd, Woodland Hills, CA 91364",(818) 914-8040,,,https://www.yelp.com/biz/soul-of-la-woodland-hills,,,Korean fusion cuisine
Hideout Cafe,Woodland Hills,Cafe / American,"22635 Ventura Blvd, Woodland Hills, CA 91364",(818) 888-7777,,https://www.hideoutcafewoodlandhills.com/,https://www.yelp.com/biz/hideout-cafe-woodland-hills,,,Cozy cafe; highly rated
Amor A Mi,Burbank,Mexican,"110 N San Fernando Blvd, Burbank, CA 91502",(818) 736-7230,,https://www.amorami377.com/,https://www.yelp.com/biz/amor-a-mi-burbank,,,Top-rated new Mexican restaurant in Burbank
Broken Compass Tiki,Burbank,Tiki Bar / Asian,"3321 W Olive Ave, Burbank, CA 91505",(747) 888-7003,ahoy@brokencompasstiki.com,https://www.brokencompasstiki.com/,https://www.yelp.com/biz/broken-compass-tiki-burbank,,,Tiki bar concept; hip new spot
Bread & Breakfast,Burbank,Bakery / Brunch,"3902 W Riverside Dr, Burbank, CA 91505",(818) 953-3400,,https://breadandbreakfastla.com/,https://www.yelp.com/biz/bread-and-breakfast-burbank,,,Fresh baked goods; popular brunch
Wild Carvery,Burbank,American / BBQ,"3500 W Olive Ave, Burbank, CA 91505",(818) 557-0100,,https://www.wildcarvery.com/,https://www.yelp.com/biz/wild-carvery-burbank,,,BBQ and carved meats
K-Pub,North Hollywood,Korean / BBQ,"5237 Lankershim Blvd, North Hollywood, CA 91601",(818) 358-3889,,https://www.kpubnoho.com/,https://www.yelp.com/biz/k-pub-north-hollywood,,,Korean BBQ pub concept
Crane & Elephant,Canoga Park,Asian / Thai,"21018 Ventura Blvd, Woodland Hills, CA 91364",(747) 888-3688,,https://www.craneandelephant.com/,https://www.yelp.com/biz/crane-and-elephant-woodland-hills,,,Asian cuisine; top-rated
Maiz Y Fuego,Canoga Park,Mexican,"7311 Topanga Canyon Blvd, Canoga Park, CA 91303",(747) 301-8001,,https://www.maizyfuego.com/,https://www.yelp.com/biz/maiz-y-fuego-canoga-park,,,Mexican cuisine; fire-roasted specialties
Sushi Goken,Van Nuys,Japanese / Sushi,"7330 Van Nuys Blvd, Van Nuys, CA 91405",(818) 997-5838,,https://sushigoken.com/,https://www.yelp.com/biz/sushi-goken-van-nuys,,,Top sushi pick in Van Nuys
Puro Sabor Peruvian,Van Nuys,Peruvian,"14701 Friar St, Van Nuys, CA 91411",(818) 779-0393,,https://purosabor.online/,https://www.yelp.com/biz/puro-sabor-peruvian-restaurant-van-nuys,,,Authentic Peruvian cuisine
Bostan By Grandma,Granada Hills,Persian / Afghan,"16922 Chatsworth St, Granada Hills, CA 91344",(818) 832-6424,,https://www.bakerygranadahills.com/,https://www.yelp.com/biz/bostan-by-grandma-granada-hills,,,Home-style Persian/Afghan cooking
Main Kitchen Cafe,Granada Hills,American / Cafe,"16860 Kingsbury St, Granada Hills, CA 91344",(818) 363-1229,,https://www.mainkitchencafe.com/,https://www.yelp.com/biz/main-kitchen-cafe-granada-hills,,,Popular cafe in Granada Hills
Star Crab,Panorama City,Seafood / Cajun,"8540 Van Nuys Blvd, Panorama City, CA 91402",(818) 988-3733,,https://thestarcrab.com/,https://www.yelp.com/biz/star-crab-panorama-city,,,Cajun seafood boil concept
TLV Tapas Bar,Encino,Mediterranean / Israeli,"17040 Ventura Blvd, Encino, CA 91316",(818) 940-9490,tlvtapas.events@gmail.com,https://www.tlv-tapas.com,https://www.yelp.com/biz/tlv-tapas-bar-encino,,,Mediterranean tapas; sophisticated atmosphere; culinary artistry
Nibble Nook Too,Encino,American / Diner,"16904 Ventura Blvd, Encino, CA 91316",(818) 783-6050,,,https://www.yelp.com/biz/nibble-nook-too-encino,,,Cozy homey restaurant; amazing French toast; best strawberry whip waffles
Coffee Cakes,Encino,Israeli / Cafe,"17036 Ventura Blvd, Encino, CA 91316",(818) 616-5663,,,https://www.yelp.com/biz/coffee-cakes-encino,,,Spectacular Israeli Breakfast Tower; labneh fresh vegetables avocado
Rouge Restaurant,Studio City,Mexican / Tulum-Inspired,"12505 Ventura Blvd, Studio City, CA 91604",(818) 980-0099,,https://www.therougerestaurant.com/,https://www.yelp.com/biz/rouge-studio-city,,,Tulum-inspired decor; rustic natural elements with chic modern design
The Night We Met,Studio City,American / Date Night,"12217 Ventura Blvd, Studio City, CA 91604",,,,https://www.yelp.com/biz/the-night-we-met-studio-city,,,New romantic dining concept
Catcher In The Rye,Toluca Lake,Cocktail Bar / American,"4282 Lankershim Blvd, Toluca Lake, CA 91602",(818) 760-6030,thecatcherintheryebar@gmail.com,https://catcherintheryebar.com/,https://www.yelp.com/biz/catcher-in-the-rye-north-hollywood,,,Speakeasy-style cocktail bar; gastropub fare
Prosecco Trattoria,Toluca Lake,Italian,"10144 Riverside Dr, Toluca Lake, CA 91602",(818) 505-0930,AmyFishburn@gmail.com,https://www.proseccotrattoria.com/,https://www.yelp.com/biz/prosecco-trattoria-toluca-lake,,,Great ambiance; Italian trattoria
Forman's,Toluca Lake,American / Bar,"10555 Riverside Dr, Toluca Lake, CA 91602",(818) 508-5006,info@formansla.com,https://www.formanstavern.com/,https://www.yelp.com/biz/formans-toluca-lake,,,Game lodge vibes; casual burgers and drinks
Armenian Bakery/Restaurant,Burbank,Armenian,"1414 N Glenoaks Blvd, Burbank, CA 91504",,,,,,,Family-owned; Armenian breads baked to order; two blazing ovens; adjarian and lahmajo
Chubby Dumplings,Burbank,Chinese / Dumplings,"3306 W Magnolia Blvd, Burbank, CA 91505",(818) 842-8688,,https://chubbydumplings.com/,https://www.yelp.com/biz/chubby-dumplings-burbank,,,Highly rated Chinese dumplings
Tigawok,Burbank,Asian / Wok,"3404 W Magnolia Blvd, Burbank, CA 91505",(818) 308-1380,,https://www.tigawok.com/,https://www.yelp.com/biz/tigawok-burbank,,,Asian wok cuisine; multiple mentions across neighborhoods
Anarbagh Restaurant,Woodland Hills,Indian,"22233 Ventura Blvd, Woodland Hills, CA 91364",(818) 224-3929,,https://anarbaghrestaurant.com/,https://www.yelp.com/biz/anarbagh-restaurant-woodland-hills,,,Indian cuisine in Woodland Hills
LaaLaaPan,Woodland Hills,Japanese / Ramen,"22337 Ventura Blvd, Woodland Hills, CA 91364",(818) 914-4101,,https://www.laalaapan.com/,https://www.yelp.com/biz/laalaapan-woodland-hills,,,Japanese ramen and pan
Noho Grill,Sun Valley,American / Grill,"8120 San Fernando Rd, Sun Valley, CA 91352",(818) 452-9500,,,https://www.yelp.com/biz/noho-grill-sun-valley,,,American grill; top-rated in Sun Valley
786 Degrees,Sun Valley,Pizza,"8109 Sunland Blvd, Sun Valley, CA 91352",(818) 939-6566,,https://786degrees.com/,https://www.yelp.com/biz/786-degrees-sun-valley,,,Pizza restaurant; top-rated in Sun Valley
Daisy's Restaurant,Panorama City,Mexican / American,"14507 Roscoe Blvd, Panorama City, CA 91402",(818) 893-3019,,https://daisysrestaurantca.com/,https://www.yelp.com/biz/daisys-restaurant-panorama-city,,,Local favorite in Panorama City
ELNO,Panorama City,Mediterranean,"14500 Roscoe Blvd, Panorama City, CA 91402",,,,https://www.yelp.com/biz/elno-panorama-city,,,Mediterranean cuisine
Al Italiano,Canoga Park,Italian,"21500 Victory Blvd, Canoga Park, CA 91303",(818) 716-7894,info@alitaliano.com,https://www.alitaliano.com/,https://www.yelp.com/biz/al-italiano-canoga-park,,,Top-5 favorite Italian in Canoga Park area
JINYA Ramen Bar,Canoga Park,Japanese / Ramen,"6600 Topanga Canyon Blvd, Canoga Park, CA 91303",(818) 710-7091,,https://www.jinya-ramenbar.com/,https://www.yelp.com/biz/jinya-ramen-bar-canoga-park,,,Popular ramen chain; Westfield Topanga location
Brewz Sports Cafe & Grill,Canoga Park,American / Sports Bar,"7406 Jordan Ave, Canoga Park, CA 91303",(818) 348-0056,,https://www.brewzsportscafeandgrill.com/,https://www.yelp.com/biz/brewz-sports-cafe-and-grill-canoga-park,,,Cozy sports bar; delicious food; reasonable prices; friendly staff
